Yiannis,140
George,108
Mitsos,104
Yiannis,155
Yiannis,125
George,118
Ztoup,108
Stef,101
Yiannis,110
Alex,119
Ztoup,133
Yiannis,140
George,118
Alex,119
Ztoup,133
Stef,116
Mitsos,1059
Yiannis,1105
George,1113
Alex,1064
Ztoup,1103
Nasos,1050
Stef,1051
Yiannis,180
George,113
Stef,101
Yiannis,140
Yiannis,105
George,133
Ztoup,103
Stef,106
Mitsos,159
Yiannis,230
George,578
Alex,799
Ztoup,413
Nasos,790
Stef,341
Mitsos,40164
Yiannis,40395
George,40118
Alex,40254
Ztoup,40248
Nasos,40305
Stef,40376
Mitsos,154
Yiannis,665
Alex,704
Ztoup,218
Nasos,675
Stef,651
Mitsos,354
Yiannis,195
George,408
Alex,184
Ztoup,368
Nasos,790
Stef,501
Mitsos,634
Yiannis,640
George,553
Alex,389
Ztoup,753
Nasos,520
Stef,476
Mitsos,514
Yiannis,365
George,353
Alex,109
Ztoup,618
Nasos,190
Stef,231
Mitsos,304
Yiannis,120
George,513
Alex,314
Ztoup,833
Nasos,410
Stef,446
